achang,greenwilliam@example.com
tammy59,williamcampbell@example.org
vanessa89,kyleblair@example.net
thomas15,ostewart@example.org
hramos,bryan80@example.org
ypage,salazarmaria@example.com
jessicapadilla,leeashley@example.org
lindawest,kaisernancy@example.com
turnerkelly,kelleylisa@example.net
tamaramorrison,sean96@example.com
kellylopez,antoniozavala@example.com
rjones,nancymclean@example.org
hmassey,aimee33@example.net
criley,skeller@example.com
nguyendarrell,megan30@example.net
dave35,marvincabrera@example.org
melissarobinson,johnsoncynthia@example.net
myersmitchell,johnsonandrew@example.org
mendozajessica,gilesandrew@example.com
huffchad,lucasmichael@example.org
gordonbenjamin,lyonspeter@example.com
rebecca79,heidiharris@example.org
meganpeterson,david72@example.org
kmaldonado,deborah64@example.org
ellischristian,stephensdennis@example.com
chelsea59,jenniferhughes@example.com
smithjames,ernest37@example.com
sjohnson,tbarton@example.org
seangreen,seandyer@example.net
hensontroy,mary06@example.org
monroedavid,moraleserika@example.com
lewisjennifer,bairdemma@example.net
leecharlene,morganramirez@example.org
alvarezsandra,johnsonrobin@example.org
dennis85,wigginsjoshua@example.org
williamserin,stacey90@example.net
djoseph,iwatson@example.org
nicholascarter,edwardcook@example.com
morganchristine,nelsonedward@example.net
michael82,danny30@example.com
melodychandler,richard54@example.com
garciaregina,zrogers@example.com
mendozaholly,vjohnson@example.net
samanthasims,odrake@example.org
mortonjames,brucesmith@example.com
shane79,rodneyrichardson@example.com
ryanhoward,shortmelissa@example.org
mgoodwin,crawfordjonathan@example.net
shealaura,danielellis@example.com
danielcarlson,zhernandez@example.net
frich,martha73@example.net
alecthornton,lisa08@example.org
carrie26,jennifer71@example.org
jonesdavid,alexis75@example.org
mistymurray,william88@example.org
gregorylinda,burgessrebecca@example.org
amanda96,ybruce@example.net
melissayates,yangkevin@example.net
marvin74,kendra66@example.org
danielleanderson,jessica50@example.org
fbutler,nunezedward@example.com
djohnson,gellis@example.com
andrewgeorge,crystalgarcia@example.net
james71,bishoptanner@example.net
debra94,susanhughes@example.com
stonekristen,benjaminmyers@example.com
stanleyclarke,huberrachel@example.org
bscott,jerryfrank@example.net
hhunter,ronaldknight@example.org
perrycory,jessicajohnson@example.com
bparks,ucalhoun@example.net
christian11,heather55@example.org
greerjerry,chad23@example.org
donnadennis,adkinskelly@example.net
cantujesse,jacobrodriguez@example.com
david35,thomas44@example.net
jack11,eric22@example.org
william32,nathan02@example.net
longjacqueline,robertpierce@example.net
brittanyevans,christopher75@example.net
bennettalan,scott54@example.com
clementslaura,daniel92@example.net
lhebert,preynolds@example.com
sharon25,fwelch@example.com
kennethgreer,amontgomery@example.org
danny48,rogerpotter@example.org
owolf,bramirez@example.org
nicole00,raymond96@example.com
francismichael,caitlinjohnson@example.com
amanda18,pamelagill@example.org
scallahan,audreyburton@example.net
jenkinscynthia,yfigueroa@example.com
scott92,davidmartinez@example.com
qtaylor,michael76@example.org
gburns,trevor07@example.com
juliewilliams,anthonyruiz@example.org
mcdanielchristopher,csmith@example.org
keymorgan,jessica32@example.net
james67,patrick56@example.net
thernandez,alexandriaanderson@example.org
