Danielle,Brooks,reidaustin@example.org,zgarcia
Allen,Bright,jboyd@example.com,kellykristen
Holly,Green,ajames@example.org,torreskimberly
John,Gray,vanessa94@example.net,moniquemeyer
Jillian,Jones,lorimorales@example.net,yglenn
Jerry,Christensen,gbeltran@example.com,warren19
Maria,Warren,nicholas55@example.net,hbrady
Dana,Mclaughlin,jonathanli@example.org,christina01
Eric,Gonzales,lawrencekevin@example.org,jdavid
Megan,Hubbard,andersonkevin@example.net,cmills
Mary,Gilbert,williammitchell@example.net,lisachavez
Amanda,Stevenson,maykristin@example.net,johnbenjamin
Christopher,Turner,wyatt70@example.com,ninaford
Joshua,Green,waynehodges@example.com,robert44
Tammy,White,dkeller@example.net,pterry
Daniel,Kaufman,justinellis@example.net,howard66
Andrew,Hayes,perrychristina@example.net,lindsey27
Sheri,Hill,vbullock@example.com,murphyjasmine
Mark,Smith,karenhenderson@example.org,herreraamanda
Brenda,Lopez,adrianhamilton@example.org,andrew66
Kimberly,Bradshaw,jenkinsdylan@example.org,fernandoboyd
Jacqueline,Phillips,mpayne@example.com,smithdeborah
Jennifer,Wilson,bethellison@example.org,lori95
Kelsey,Craig,brodriguez@example.net,fjames
Alexander,Stephens,samantha41@example.org,thomas89
Sean,Gonzalez,debra88@example.org,xcombs
Joseph,Little,toddchristina@example.net,davidtaylor
Justin,Jackson,xthompson@example.com,josephhowell
Rebecca,Roberts,gonzalezjonathan@example.com,michelle25
Dustin,Jones,courtney21@example.org,robertsmelody
Michael,Combs,gbrown@example.net,nicholsonfrancisco
Kurt,Melton,francislee@example.net,nryan
Christopher,Blair,lawrencegardner@example.com,jessica24
Jeffrey,Wright,umiller@example.com,charrell
Mariah,Wells,dmartinez@example.org,randolphamy
Stephen,Glover,erik59@example.org,paul36
Laura,Davidson,ptaylor@example.net,whernandez
Kelly,Flowers,barnesjessica@example.com,codyweber
Steve,Gutierrez,nwallace@example.org,lhammond
Bobby,Ramos,fklein@example.net,lanetyler
Scott,Reilly,nhenry@example.net,vsandoval
Christopher,Hicks,marcusalvarez@example.org,browncharles
Scott,Wong,robertshelton@example.net,nicole36
Elizabeth,Oneill,conleyevelyn@example.com,williamhowe
Richard,Padilla,cturner@example.org,levans
Greg,Johnson,danielle47@example.net,brianhunter
Jessica,Smith,nmeyer@example.com,charles81
Kathryn,Collins,rsteele@example.com,wowens
Albert,Crawford,heathtaylor@example.org,ljones
Elizabeth,Fernandez,bianca05@example.net,wlopez
